<?xml version="1.0" encoding="iso-8859-1" standalone="no"?>
<adtf:project xmlns:adtf="adtf">
 <general_settings>
  <property name="active_configuration" type="String" value="sil" />
 </general_settings>
 <configurations>
  <configuration description="" name="sil">
   <graph>
    <subgraph alias="system" idref="system" priority="1" />
    <subgraph alias="simulation" idref="simulation" priority="2" />
    <connection connection_priority="50" dest="system.flexrayInput" interface="" source="simulation.flexrayInput" />
    <connection connection_priority="50" dest="system.emlInput" interface="" source="simulation.emlInput" />
    <connection connection_priority="50" dest="system.vehicleModel" interface="" source="simulation.vehicleModel" />
    <connection connection_priority="50" dest="system.psdInput" interface="" source="simulation.psdInput" />
    <filter alias="Signal_View" idref="adtf.ui.signal_view" priority="3" />
    <connection connection_priority="50" dest="system.laneInput" interface="" source="simulation.laneInput" />
    <connection connection_priority="50" dest="simulation.controlTrigger" interface="" source="system.controlTrigger" />
    <connection connection_priority="50" dest="simulation.flexrayOutput" interface="" source="system.flexrayOutput" />
    <connection connection_priority="50" dest="system.fodInput" interface="" source="simulation.fodInput" />
   </graph>
  </configuration>
  <configuration description="" name="simulation">
   <graph>
    <filter alias="IDII_replayFilter" idref="IDII.replayFilter" priority="2">
     <settings>
      <property name="replayFile" type="String" value="$WORK_PATH$\replay\Messdaten\E3\PT1614\[2017-06-19] M�nsheim-Runde.rpl2" />
      <property name="initTime" type="Float" value="1000.0" />
     </settings>
    </filter>
    <inport alias="controlTrigger" />
    <inport alias="flexrayOutput" />
    <outport alias="vehicleModel" />
    <outport alias="emlInput" />
    <outport alias="flexrayInput" />
    <outport alias="psdInput" />
    <connection connection_priority="50" dest="vehicleModel" interface="" source="IDII_vehicleModelFilter.vehicleModel" />
    <filter alias="IDII_vehicleModelFilter" idref="IDII.vehicleModelFilter" priority="2">
     <settings>
      <property name="dataFile" type="String" value="$CFGDIR$\..\..\..\data\vehicleModels\992_Basis_B6T_272_PIDB.ibf" />
     </settings>
    </filter>
    <filter alias="IDII_simulationFilter" idref="IDII.simulationFilter" priority="3">
     <settings>
      <property name="replayFile" type="String" value="" />
     </settings>
    </filter>
    <connection connection_priority="50" dest="IDII_simulationFilter.flexrayOutput" interface="" source="flexrayOutput" />
    <connection connection_priority="50" dest="IDII_simulationFilter.trigger" interface="" source="controlTrigger" />
    <connection connection_priority="50" dest="emlInput" interface="" source="IDII_simulationFilter.emlInput" />
    <connection connection_priority="50" dest="flexrayInput" interface="" source="IDII_simulationFilter.flexrayInput" />
    <connection connection_priority="50" dest="IDII_replayFilter" interface="" source="IDII_simulationFilter.vehicleSimulation" />
    <outport alias="laneInput" />
    <connection connection_priority="50" dest="laneInput" interface="" source="IDII_simulationFilter.laneInput" />
    <outport alias="vzeInput" />
    <connection connection_priority="50" dest="vzeInput" interface="" source="IDII_simulationFilter.vzeInput" />
    <connection connection_priority="50" dest="IDII_simulationFilter" interface="" source="IDII_replayFilter.positionRecord" />
    <connection connection_priority="50" dest="IDII_simulationFilter" interface="" source="IDII_replayFilter.psdInput" />
    <connection connection_priority="50" dest="psdInput" interface="" source="IDII_simulationFilter.psdOutput" />
    <connection connection_priority="50" dest="IDII_simulationFilter" interface="" source="IDII_vehicleModelFilter.vehicleModel" />
    <outport alias="fodInput" />
    <connection connection_priority="50" dest="fodInput" interface="" source="IDII_simulationFilter.fodInput" />
   </graph>
   <settings>
    <property name="connection_priority" type="Int" value="50" />
   </settings>
  </configuration>
  <configuration description="" name="simu">
   <graph>
    <filter alias="Harddisk_Player" idref="adtf.stg.harddisk_player" priority="1">
     <settings>
      <property name="filename" type="String" value="..\..\..\..\..\..\work\replay\Messdaten\G2\PT1514\systemData_split_001.dat;..\..\..\..\..\..\work\replay\Messdaten\G2\PT1514\vehicleData_split_000.dat" />
     </settings>
    </filter>
    <filter alias="IDII_replayGen1Filter" idref="IDII.replayGen1Filter" priority="2" />
    <connection connection_priority="50" dest="IDII_replayGen1Filter.flexray" interface="" source="Harddisk_Player.flexray_rec1" />
    <connection connection_priority="50" dest="IDII_replayGen1Filter.canPSD" interface="" source="Harddisk_Player.canPSD_rec1" />
   </graph>
  </configuration>
  <configuration description="" name="display">
   <graph>
    <inport alias="pemControl" />
    <inport alias="pemPlanning" />
    <inport alias="strategyHeap" />
    <inport alias="strategyStack" />
    <inport alias="psdInput" />
    <inport alias="controlStack" />
    <filter alias="IDII_vehicleDisplayFilter" idref="IDII.vehicleDisplayFilter" priority="1">
     <settings>
      <property name="showSceneEvalDlg" type="Bool" value="true" />
     </settings>
    </filter>
    <connection connection_priority="50" dest="IDII_vehicleDisplayFilter.controlStack" interface="" source="controlStack" />
    <connection connection_priority="50" dest="IDII_vehicleDisplayFilter.pemControl" interface="" source="pemControl" />
    <connection connection_priority="50" dest="IDII_vehicleDisplayFilter.pemPlanning" interface="" source="pemPlanning" />
    <connection connection_priority="50" dest="IDII_vehicleDisplayFilter.planningHeap" interface="" source="strategyHeap" />
    <connection connection_priority="50" dest="IDII_vehicleDisplayFilter.planningStack" interface="" source="strategyStack" />
    <inport alias="measurementTrigger" />
    <connection connection_priority="50" dest="IDII_vehicleDisplayFilter.measurementTrigger" interface="" source="measurementTrigger" />
    <inport alias="controlHeap" />
    <connection connection_priority="50" dest="IDII_vehicleDisplayFilter.controlHeap" interface="" source="controlHeap" />
    <inport alias="curveCategory" />
    <connection connection_priority="50" dest="IDII_vehicleDisplayFilter.curveCategory" interface="" source="curveCategory" />
    <connection connection_priority="50" dest="IDII_vehicleDisplayFilter.psdInput" interface="" source="psdInput" />
   </graph>
  </configuration>
  <configuration description="" name="system">
   <graph>
    <filter alias="IDII_schedulerFilter" idref="IDII.schedulerFilter" priority="2" />
    <subgraph alias="display" idref="display" priority="1" />
    <inport alias="flexrayInput" />
    <inport alias="emlInput" />
    <inport alias="psdInput" />
    <inport alias="vehicleModel" />
    <outport alias="flexrayOutput" />
    <outport alias="controlTrigger" />
    <connection connection_priority="50" dest="controlTrigger" interface="" source="IDII_schedulerFilter.controlTrigger" />
    <connection connection_priority="50" dest="display.psdInput" interface="" source="psdInput" />
    <filter alias="IDII_strategyFilter" idref="IDII.strategyFilter" priority="2">
     <settings>
      <property name="active" type="Bool" value="true" />
     </settings>
    </filter>
    <filter alias="IDII_controlFilter" idref="IDII.controlFilter" priority="1">
     <settings>
      <property name="active" type="Bool" value="true" />
      <property name="provideSignals::out::outputControl" type="Bool" value="false" />
     </settings>
    </filter>
    <connection connection_priority="50" dest="IDII_strategyFilter" interface="" source="IDII_controlFilter.pemControl" />
    <connection connection_priority="50" dest="IDII_controlFilter" interface="" source="IDII_strategyFilter.pemPlanning" />
    <connection connection_priority="50" dest="IDII_strategyFilter.trigger" interface="" source="IDII_schedulerFilter.strategyTrigger" />
    <connection connection_priority="50" dest="IDII_controlFilter.emlInput" interface="" source="emlInput" />
    <connection connection_priority="50" dest="IDII_strategyFilter.vehicleModel" interface="" source="vehicleModel" />
    <connection connection_priority="50" dest="IDII_controlFilter.flexrayInput" interface="" source="flexrayInput" />
    <connection connection_priority="50" dest="IDII_controlFilter.vehicleModel" interface="" source="vehicleModel" />
    <connection connection_priority="50" dest="display.pemControl" interface="" source="IDII_controlFilter.pemControl" />
    <connection connection_priority="50" dest="display.controlStack" interface="" source="IDII_controlFilter.controlStack" />
    <connection connection_priority="50" dest="display.pemPlanning" interface="" source="IDII_strategyFilter.pemPlanning" />
    <filter alias="IDII_platformManholeFilter" idref="IDII.platformManholeFilter" priority="3" />
    <filter alias="IDII_consoleInterfaceFilter" idref="IDII.consoleInterfaceFilter" priority="4" />
    <subgraph alias="system_measurement" idref="system_measurement" priority="5" />
    <connection connection_priority="50" dest="IDII_consoleInterfaceFilter" interface="" source="IDII_platformManholeFilter.consoleLog" />
    <connection connection_priority="50" dest="system_measurement.controlTrigger" interface="" source="IDII_schedulerFilter.controlTrigger" />
    <connection connection_priority="50" dest="system_measurement.strategyTrigger" interface="" source="IDII_schedulerFilter.strategyTrigger" />
    <connection connection_priority="50" dest="system_measurement.controlHeap" interface="" source="IDII_controlFilter.controlHeap" />
    <connection connection_priority="50" dest="system_measurement.controlStack" interface="" source="IDII_controlFilter.controlStack" />
    <connection connection_priority="50" dest="system_measurement.pemControl" interface="" source="IDII_controlFilter.pemControl" />
    <connection connection_priority="50" dest="system_measurement.pemPlanning" interface="" source="IDII_strategyFilter.pemPlanning" />
    <connection connection_priority="50" dest="system_measurement.consoleLog" interface="" source="IDII_platformManholeFilter.consoleLog" />
    <connection connection_priority="50" dest="system_measurement.flexrayInput" interface="" source="flexrayInput" />
    <connection connection_priority="50" dest="system_measurement.emlInput" interface="" source="emlInput" />
    <connection connection_priority="50" dest="system_measurement.vehicleModel" interface="" source="vehicleModel" />
    <filter alias="IDII_parameterSetFilter" idref="IDII.parameterSetFilter" priority="6" />
    <connection connection_priority="50" dest="system_measurement.strategyHeap" interface="" source="IDII_strategyFilter.strategyHeap" />
    <connection connection_priority="50" dest="system_measurement.strategyStack" interface="" source="IDII_strategyFilter.strategyStack" />
    <connection connection_priority="50" dest="IDII_platformManholeFilter" interface="" source="IDII_parameterSetFilter.controlSet" />
    <connection connection_priority="50" dest="IDII_platformManholeFilter" interface="" source="IDII_parameterSetFilter.strategySet" />
    <connection connection_priority="50" dest="display.strategyHeap" interface="" source="IDII_strategyFilter.strategyHeap" />
    <connection connection_priority="50" dest="display.strategyStack" interface="" source="IDII_strategyFilter.strategyStack" />
    <connection connection_priority="50" dest="system_measurement.psdInput" interface="" source="psdInput" />
    <connection connection_priority="50" dest="flexrayOutput" interface="" source="IDII_controlFilter.flexrayOutput" />
    <connection connection_priority="50" dest="system_measurement.controlSet" interface="" source="IDII_parameterSetFilter.controlSet" />
    <connection connection_priority="50" dest="system_measurement.strategySet" interface="" source="IDII_parameterSetFilter.strategySet" />
    <connection connection_priority="50" dest="system_measurement.flexrayOutput" interface="" source="IDII_controlFilter.flexrayOutput" />
    <inport alias="vzeInput" />
    <connection connection_priority="50" dest="IDII_controlFilter.vzeInput" interface="" source="vzeInput" />
    <connection connection_priority="50" dest="system_measurement.vzeInput" interface="" source="vzeInput" />
    <inport alias="measurementTrigger" />
    <connection connection_priority="50" dest="system_measurement.measurementTrigger" interface="" source="measurementTrigger" />
    <connection connection_priority="50" dest="display.measurementTrigger" interface="" source="measurementTrigger" />
    <connection connection_priority="50" dest="display.controlHeap" interface="" source="IDII_controlFilter.controlHeap" />
    <inport alias="laneInput" />
    <connection connection_priority="50" dest="IDII_controlFilter.laneInput" interface="" source="laneInput" />
    <connection connection_priority="50" dest="system_measurement.laneInput" interface="" source="laneInput" />
    <inport alias="curveCategory" />
    <connection connection_priority="50" dest="display.curveCategory" interface="" source="curveCategory" />
    <connection connection_priority="50" dest="IDII_controlFilter.psdInput" interface="" source="psdInput" />
    <connection connection_priority="50" dest="IDII_controlFilter" interface="" source="IDII_schedulerFilter.controlTrigger" />
    <inport alias="fodInput" />
    <connection connection_priority="50" dest="IDII_controlFilter.fodInput" interface="" source="fodInput" />
   </graph>
  </configuration>
  <configuration description="" name="system_measurement">
   <graph>
    <filter alias="Harddisk_Recorder" idref="adtf.stg.harddisk_recorder" priority="1">
     <settings>
      <property name="filename" type="String" value="$(CFGDIR)\..\..\..\measurements\$USERNAME$_$(DATE)_$(TIME)\systemData.dat" />
      <property name="memory_check_ratio" type="Int" value="100" />
      <property name="splitsize" type="Int" value="500" />
      <property name="splittime_delay" type="Int" value="0" />
      <property name="start_on_startup" type="Bool" value="true" />
      <property name="keep_basename_on_split" type="Bool" value="true" />
     </settings>
    </filter>
    <inport alias="controlTrigger" />
    <inport alias="strategyTrigger" />
    <inport alias="controlHeap" />
    <inport alias="controlStack" />
    <inport alias="flexrayOutput" />
    <inport alias="pemControl" />
    <inport alias="strategyHeap" />
    <inport alias="pemPlanning" />
    <inport alias="strategyStack" />
    <inport alias="consoleLog" />
    <inport alias="controlSet" />
    <inport alias="strategySet" />
    <inport alias="flexrayInput" />
    <inport alias="emlInput" />
    <inport alias="vehicleModel" />
    <connection connection_priority="50" dest="Harddisk_Recorder.controlTrigger" interface="" source="controlTrigger" />
    <connection connection_priority="50" dest="Harddisk_Recorder.strategyTrigger" interface="" source="strategyTrigger" />
    <connection connection_priority="50" dest="Harddisk_Recorder.controlHeap" interface="" source="controlHeap" />
    <connection connection_priority="50" dest="Harddisk_Recorder.controlStack" interface="" source="controlStack" />
    <connection connection_priority="50" dest="Harddisk_Recorder.flexrayOutput" interface="" source="flexrayOutput" />
    <connection connection_priority="50" dest="Harddisk_Recorder.pemControl" interface="" source="pemControl" />
    <connection connection_priority="50" dest="Harddisk_Recorder.strategyHeap" interface="" source="strategyHeap" />
    <connection connection_priority="50" dest="Harddisk_Recorder.pemPlanning" interface="" source="pemPlanning" />
    <connection connection_priority="50" dest="Harddisk_Recorder.strategyStack" interface="" source="strategyStack" />
    <connection connection_priority="50" dest="Harddisk_Recorder.consoleLog" interface="" source="consoleLog" />
    <connection connection_priority="50" dest="Harddisk_Recorder.controlSet" interface="" source="controlSet" />
    <connection connection_priority="50" dest="Harddisk_Recorder.strategySet" interface="" source="strategySet" />
    <connection connection_priority="50" dest="Harddisk_Recorder.flexrayInput" interface="" source="flexrayInput" />
    <connection connection_priority="50" dest="Harddisk_Recorder.emlInput" interface="" source="emlInput" />
    <connection connection_priority="50" dest="Harddisk_Recorder.vehicleModel" interface="" source="vehicleModel" />
    <inport alias="psdInput" />
    <connection connection_priority="50" dest="Harddisk_Recorder.psdInput" interface="" source="psdInput" />
    <inport alias="vzeInput" />
    <connection connection_priority="50" dest="Harddisk_Recorder.vzeInput" interface="" source="vzeInput" />
    <inport alias="measurementTrigger" />
    <connection connection_priority="50" dest="Harddisk_Recorder.measurementTrigger" interface="" source="measurementTrigger" />
    <inport alias="laneInput" />
    <connection connection_priority="50" dest="Harddisk_Recorder.laneInput" interface="" source="laneInput" />
   </graph>
  </configuration>
 </configurations>
 <fileinfo adtfversion="2.13.3" configversion="1.3" />
 <configuration_settings />
</adtf:project>
