<?xml version="1.0" encoding="iso-8859-1" standalone="no"?>
<adtf:project xmlns:adtf="adtf">
 <general_settings>
  <property name="active_configuration" type="String" value="vehicle" />
  <property name="flexray_fibex_filename" type="String" value="$WORK_PATH$/vehicle/Fibex/NIP8.14GEN2/MLBevo_Gen2_Fx_Cluster_KMatrix_V8.14.01F_20170608_SE__modified3.xml" />
 </general_settings>
 <configurations>
  <configuration description="" name="vehicle">
   <graph>
    <filter alias="Vector_FlexRay_Device" idref="adtf.io.vector_flexray_device" priority="2">
     <settings>
      <property name="active" type="Bool" value="true" />
      <property name="DeviceId0ClusterName" type="String" value="MLBevo_Fx_Cluster" />
      <property name="DeviceId1ClusterName" type="String" value="MLBevo_Fx_Cluster" />
     </settings>
    </filter>
    <subgraph alias="vehicle_measurement" idref="vehicleMeasurement" priority="7" />
    <connection connection_priority="50" dest="vehicle_measurement.flexray" interface="" source="Vector_FlexRay_Device.output" />
    <subgraph alias="video" idref="video" priority="4" />
    <connection connection_priority="50" dest="vehicle_measurement.compressedVideo" interface="" source="video.compressedVideo" />
    <filter alias="IDII_triggerGatewayFilter" idref="IDII.triggerGatewayFilter" priority="8" />
    <filter alias="Audio_Capture_Device" idref="adtf.io.audio_capture" priority="1">
     <settings>
      <property name="active" type="Bool" value="true" />
     </settings>
    </filter>
    <connection connection_priority="50" dest="IDII_triggerGatewayFilter.flexray" interface="" source="Vector_FlexRay_Device" />
    <connection connection_priority="50" dest="IDII_triggerGatewayFilter.audioIn" interface="" source="Audio_Capture_Device" />
    <subgraph alias="zfas" idref="zfasMeasurement" priority="6" />
    <filter alias="IDII_vehicleDisplayFilter" idref="IDII.vehicleDisplayFilter" priority="5" />
    <filter alias="IDII_zfasConverterFilter" idref="IDII.zfasConverterFilter" priority="3">
     <settings>
      <property name="provideSignals::out::pemControl" type="Bool" value="true" />
      <property name="provideSignals::out::pemPlanning" type="Bool" value="true" />
     </settings>
    </filter>
    <connection connection_priority="50" dest="IDII_vehicleDisplayFilter" interface="" source="IDII_zfasConverterFilter.pemControl" />
    <connection connection_priority="50" dest="IDII_vehicleDisplayFilter" interface="" source="IDII_zfasConverterFilter.pemPlanning" />
    <connection connection_priority="50" dest="IDII_zfasConverterFilter.DePemControl" interface="" source="zfas.PpPemControl" />
    <connection connection_priority="50" dest="IDII_zfasConverterFilter.DePemPlanning" interface="" source="zfas.PpPemPlanning" />
    <connection connection_priority="50" dest="IDII_vehicleDisplayFilter" interface="" source="IDII_triggerGatewayFilter.measurementTrigger" />
    <connection connection_priority="50" dest="IDII_vehicleDisplayFilter.flexrayPSD" interface="" source="Vector_FlexRay_Device" />
    <connection connection_priority="50" dest="IDII_vehicleDisplayFilter" interface="" source="IDII_triggerGatewayFilter.curveCategory" />
    <connection connection_priority="50" dest="vehicle_measurement.curveCategory" interface="" source="IDII_triggerGatewayFilter.curveCategory" />
    <connection connection_priority="50" dest="vehicle_measurement.measurementTrigger" interface="" source="IDII_triggerGatewayFilter.measurementTrigger" />
    <filter alias="IDII_rpl2Recorder" idref="IDII.rpl2Recorder" priority="9">
     <settings>
      <property name="rpl2File" type="String" value="$(CFGDIR)\..\..\..\measurements\$USERNAME$_$(DATE)_$(TIME)\replay.rpl2" />
     </settings>
    </filter>
    <connection connection_priority="50" dest="IDII_rpl2Recorder.flexray" interface="" source="Vector_FlexRay_Device" />
    <connection connection_priority="50" dest="IDII_rpl2Recorder" interface="" source="IDII_zfasConverterFilter.pemControl" />
    <connection connection_priority="50" dest="IDII_rpl2Recorder" interface="" source="IDII_zfasConverterFilter.pemPlanning" />
    <subgraph alias="pfeifferGateway" idref="pfeifferGateway" priority="10" />
    <connection connection_priority="50" dest="pfeifferGateway.flexray" interface="" source="Vector_FlexRay_Device.output" />
    <connection connection_priority="50" dest="vehicle_measurement.evaluatedScenes" interface="" source="IDII_vehicleDisplayFilter.evaluatedScenes" />
    <connection connection_priority="50" dest="IDII_rpl2Recorder" interface="" source="IDII_vehicleDisplayFilter.evaluatedScenes" />
   </graph>
  </configuration>
  <configuration description="" name="vehicleMeasurement">
   <graph>
    <inport alias="flexray" />
    <filter alias="Harddisk_Recorder" idref="adtf.stg.harddisk_recorder" priority="1">
     <settings>
      <property name="recorder_event_id" type="Int" value="1" />
      <property name="filename" type="String" value="$(CFGDIR)\..\..\..\measurements\$USERNAME$_$(DATE)_$(TIME)\vehicleData.dat" />
      <property name="memory_check_ratio" type="Int" value="100" />
      <property name="splitsize" type="Int" value="500" />
      <property name="splittime_delay" type="Int" value="0" />
      <property name="start_on_startup" type="Bool" value="true" />
      <property name="keep_basename_on_split" type="Bool" value="true" />
     </settings>
    </filter>
    <connection connection_priority="50" dest="Harddisk_Recorder.flexray" interface="" source="flexray" />
    <inport alias="compressedVideo" />
    <connection connection_priority="50" dest="Harddisk_Recorder.compressedVideo" interface="" source="compressedVideo" />
    <inport alias="nmea" />
    <connection connection_priority="50" dest="Harddisk_Recorder.nmea" interface="" source="nmea" />
    <inport alias="curveCategory" />
    <inport alias="measurementTrigger" />
    <connection connection_priority="50" dest="Harddisk_Recorder.curveCategory" interface="" source="curveCategory" />
    <connection connection_priority="50" dest="Harddisk_Recorder.measurementTrigger" interface="" source="measurementTrigger" />
    <inport alias="evaluatedScenes" />
    <connection connection_priority="50" dest="Harddisk_Recorder.evaluatedScenes" interface="" source="evaluatedScenes" />
   </graph>
  </configuration>
  <configuration description="" name="video">
   <graph>
    <filter alias="Image_Compressor" idref="adtf.aux.image.compress" priority="1">
     <settings>
      <property name="abbreviated" type="Bool" value="false" />
      <property name="Codec" type="String" value="jpeg" />
      <property name="quality" type="Int" value="75" />
     </settings>
    </filter>
    <filter alias="Direct_Show_Video_Device" idref="adtf.io.direct_show_video_device" priority="2">
     <settings>
      <property name="FlipHorizontal" type="Bool" value="true" />
      <property name="Height" type="Int" value="600" />
      <property name="Width" type="Int" value="800" />
      <property name="BitsPerPixel" type="Int" value="24" />
      <property name="updaterate" type="Float" value="5.0" />
      <property name="FlipVertical" type="Bool" value="true" />
     </settings>
    </filter>
    <connection connection_priority="50" dest="Image_Compressor" interface="" source="Direct_Show_Video_Device" />
    <outport alias="compressedVideo" />
    <connection connection_priority="50" dest="compressedVideo" interface="" source="Image_Compressor.output" />
   </graph>
  </configuration>
  <configuration description="" name="zfasMeasurement">
   <graph>
    <filter alias="CtApInnoDriveControl_ReceiveInputs" idref="adtf.tttech.CtApInnoDriveControl_ReceiveInputs" priority="2">
     <settings>
      <property name="Automatic Routing Config Outputs" type="Int" value="-1" />
      <property name="active" type="Bool" value="true" />
     </settings>
    </filter>
    <filter alias="CtApInnoDriveStrategy_ReceiveInputs" idref="adtf.tttech.CtApInnoDriveStrategy_ReceiveInputs" priority="3">
     <settings>
      <property name="active" type="Bool" value="true" />
      <property name="Automatic Routing Config Outputs" type="Int" value="-1" />
     </settings>
    </filter>
    <filter alias="Harddisk_Recorder" idref="adtf.stg.harddisk_recorder" priority="1">
     <settings>
      <property name="filename" type="String" value="$(CFGDIR)\..\..\..\measurements\$USERNAME$_$(DATE)_$(TIME)\zfasData.dat" />
      <property name="keep_basename_on_split" type="Bool" value="true" />
      <property name="memory_check_ratio" type="Int" value="100" />
      <property name="splitsize" type="Int" value="500" />
      <property name="splittime_delay" type="Int" value="0" />
      <property name="start_on_startup" type="Bool" value="true" />
      <property name="active" type="Bool" value="true" />
     </settings>
    </filter>
    <connection connection_priority="50" dest="Harddisk_Recorder.PpEML__DeEML" interface="" source="CtApInnoDriveControl_ReceiveInputs.PpEML__DeEML" />
    <connection connection_priority="50" dest="Harddisk_Recorder.PpFRRGout__DeFRRGout" interface="" source="CtApInnoDriveControl_ReceiveInputs.PpFRRGout__DeFRRGout" />
    <connection connection_priority="50" dest="Harddisk_Recorder.PpFRRGout__DePduGrp_SDF2_Pos_01" interface="" source="CtApInnoDriveControl_ReceiveInputs.PpFRRGout__DePduGrp_SDF2_Pos_01" />
    <connection connection_priority="50" dest="Harddisk_Recorder.PpOBFLightOutObjects__DeObjectListOBFLightOut" interface="" source="CtApInnoDriveControl_ReceiveInputs.PpOBFLightOutObjects__DeObjectListOBFLightOut" />
    <connection connection_priority="50" dest="Harddisk_Recorder.PpPemPlanning__DePemPlanning" interface="" source="CtApInnoDriveControl_ReceiveInputs.PpPemPlanning__DePemPlanning" />
    <connection connection_priority="50" dest="Harddisk_Recorder.PpRGExtPSD__DeRGExtPSD" interface="" source="CtApInnoDriveControl_ReceiveInputs.PpRGExtPSD__DeRGExtPSD" />
    <connection connection_priority="50" dest="Harddisk_Recorder.PpRGLVZE__DePduGrp_VZE_01" interface="" source="CtApInnoDriveControl_ReceiveInputs.PpRGLVZE__DePduGrp_VZE_01" />
    <connection connection_priority="50" dest="Harddisk_Recorder.PpRGLVZE__DePduGrp_VZE_02" interface="" source="CtApInnoDriveControl_ReceiveInputs.PpRGLVZE__DePduGrp_VZE_02" />
    <connection connection_priority="50" dest="Harddisk_Recorder.PpRGLVZE__DePduGrp_VZE_03" interface="" source="CtApInnoDriveControl_ReceiveInputs.PpRGLVZE__DePduGrp_VZE_03" />
    <connection connection_priority="50" dest="Harddisk_Recorder.PpRGLVZE__DePduGrp_VZE_05" interface="" source="CtApInnoDriveControl_ReceiveInputs.PpRGLVZE__DePduGrp_VZE_05" />
    <connection connection_priority="50" dest="Harddisk_Recorder.PpRGLVZE__DeVZE" interface="" source="CtApInnoDriveControl_ReceiveInputs.PpRGLVZE__DeVZE" />
    <connection connection_priority="50" dest="Harddisk_Recorder.PpRGLanes__DeLanes" interface="" source="CtApInnoDriveControl_ReceiveInputs.PpRGLanes__DeLanes" />
    <connection connection_priority="50" dest="Harddisk_Recorder.PpDiagCoding__DeCoding" interface="" source="CtApInnoDriveControl_ReceiveInputs.PpDiagCoding__DeCoding" />
    <connection connection_priority="50" dest="Harddisk_Recorder.PpPemControl__DePemControl" interface="" source="CtApInnoDriveStrategy_ReceiveInputs.PpPemControl__DePemControl" />
    <connection connection_priority="50" dest="Harddisk_Recorder.PpFRInnoDriveIn__DeFRInnoDriveIn" interface="" source="CtApInnoDriveControl_ReceiveInputs.PpFRInnoDriveIn__DeFRInnoDriveIn" />
    <outport alias="PpPemControl" />
    <outport alias="PpPemPlanning" />
    <connection connection_priority="50" dest="PpPemControl" interface="" source="CtApInnoDriveStrategy_ReceiveInputs.PpPemControl__DePemControl" />
    <connection connection_priority="50" dest="PpPemPlanning" interface="" source="CtApInnoDriveControl_ReceiveInputs.PpPemPlanning__DePemPlanning" />
   </graph>
  </configuration>
  <configuration description="" name="rpl2AutoGen">
   <graph>
    <filter alias="Harddisk_Player" idref="adtf.stg.harddisk_player" priority="1">
     <settings>
      <property name="filename" type="String" value="$AUTOREPLAY_IN$" />
     </settings>
    </filter>
    <filter alias="IDII_rpl2Recorder" idref="IDII.rpl2Recorder" priority="2">
     <settings>
      <property name="rpl2File" type="String" value="$AUTOREPLAY_OUT$" />
     </settings>
    </filter>
    <connection active="false" connection_priority="50" dest="IDII_rpl2Recorder" interface="" source="IDII_zfasConverterFilter.pemControl" />
    <connection active="false" connection_priority="50" dest="IDII_rpl2Recorder" interface="" source="IDII_zfasConverterFilter.pemPlanning" />
    <connection active="false" connection_priority="50" dest="IDII_zfasConverterFilter.DePemControl" interface="" optional="true" source="Harddisk_Player.PpPemControl__DePemControl.*" />
    <connection active="false" connection_priority="50" dest="IDII_zfasConverterFilter.DePemPlanning" interface="" optional="true" source="Harddisk_Player.PpPemPlanning__DePemPlanning.*" />
    <filter alias="IDII_zfasConverterFilter" idref="IDII.zfasConverterFilter" priority="3">
     <settings>
      <property name="active" type="Bool" value="false" />
     </settings>
    </filter>
    <connection connection_priority="50" dest="IDII_rpl2Recorder.flexray" interface="" source="Harddisk_Player.flexray.*" />
   </graph>
  </configuration>
  <configuration description="" name="pfeifferGateway">
   <graph>
    <filter alias="IDII_pfeifferGatewayFilter" idref="IDII.pfeifferGatewayFilter" priority="1" />
    <filter alias="CAN_Legacy_Filter_In" idref="adtf.io.can_legacy_in" priority="2" />
    <filter alias="Vector_CAN_XL_Sender" idref="adtf.io.vector_can_xl_sender" priority="3" />
    <inport alias="flexray" />
    <connection connection_priority="50" dest="IDII_pfeifferGatewayFilter.flexray" interface="" source="flexray" />
    <connection connection_priority="50" dest="CAN_Legacy_Filter_In.input" interface="" source="IDII_pfeifferGatewayFilter.canKombi" />
    <connection connection_priority="50" dest="CAN_Legacy_Filter_In.input_ext" interface="" source="IDII_pfeifferGatewayFilter.canKombiExt" />
    <connection connection_priority="50" dest="Vector_CAN_XL_Sender" interface="" source="CAN_Legacy_Filter_In" />
   </graph>
  </configuration>
 </configurations>
 <fileinfo adtfversion="2.13.3" configversion="1.3" />
 <configuration_settings />
</adtf:project>
