<?xml version="1.0" encoding="iso-8859-1" standalone="no"?>
<adtf:project xmlns:adtf="adtf">
 <general_settings>
  <property name="active_configuration" type="String" value="harddiskReplay" />
  <property name="flexray_fibex_filename" type="String" value="C:/Users/X124568/Innodrive2/200_Organisation/02_Dokumente/NIP/NIP8.14/MLBevo_Gen2_Fx_Cluster_KMatrix_V8.14.02F_20170619_SE_ESP_35.xml" />
 </general_settings>
 <configurations>
  <configuration description="" name="sil">
   <graph>
    <subgraph alias="system" idref="system" priority="1" />
    <subgraph alias="simulation" idref="simulation" priority="2" />
    <connection connection_priority="50" dest="system.flexrayInput" interface="" source="simulation.flexrayInput" />
    <connection connection_priority="50" dest="system.emlInput" interface="" source="simulation.emlInput" />
    <connection connection_priority="50" dest="system.vehicleModel" interface="" source="simulation.vehicleModel" />
    <connection connection_priority="50" dest="system.psdChannel" interface="" source="simulation.psdChannel" />
    <connection connection_priority="50" dest="simulation.flexrayOutput" interface="" source="system.outputControl" />
    <connection connection_priority="50" dest="simulation.controlTrigger" interface="" source="system.simulationTrigger" />
    <filter alias="Signal_View" idref="adtf.ui.signal_view" priority="3" />
    <connection connection_priority="50" dest="simulation.controlTrigger" interface="" source="system.simulationTrigger" />
    <connection connection_priority="50" dest="simulation.flexrayOutput" interface="" source="system.outputControl" />
    <connection connection_priority="50" dest="system.laneInput" interface="" source="simulation.laneInput" />
   </graph>
  </configuration>
  <configuration description="" name="simulation">
   <graph>
    <filter alias="IDII_replayFilter" idref="IDII.replayFilter" priority="2">
     <settings>
      <property name="replayFile" type="String" value="C:\Data\PEM\work\replay\A8_und_Bosch-Runde_E3_ID1.replay" />
     </settings>
    </filter>
    <inport alias="controlTrigger" />
    <inport alias="flexrayOutput" />
    <outport alias="vehicleModel" />
    <outport alias="emlInput" />
    <outport alias="flexrayInput" />
    <outport alias="psdChannel" />
    <connection connection_priority="50" dest="vehicleModel" interface="" source="IDII_vehicleModelFilter.vehicleModel" />
    <filter alias="IDII_vehicleModelFilter" idref="IDII.vehicleModelFilter" priority="2">
     <settings>
      <property name="dataFile" type="String" value="C:/Data/PEM/992/feature/forecast/data/vehicleModels/E3DieselBasis.ibf" />
     </settings>
    </filter>
    <filter alias="IDII_simulationFilter2" idref="IDII.simulationFilter" priority="3">
     <settings>
      <property name="replayFile" type="String" value="" />
     </settings>
    </filter>
    <connection connection_priority="50" dest="IDII_simulationFilter2.flexrayOutput" interface="" source="flexrayOutput" />
    <connection connection_priority="50" dest="IDII_simulationFilter2.trigger" interface="" source="controlTrigger" />
    <connection connection_priority="50" dest="IDII_simulationFilter2" interface="" source="IDII_replayFilter.psdCAN" />
    <connection connection_priority="50" dest="IDII_simulationFilter2" interface="" source="IDII_replayFilter.positionRecord" />
    <connection connection_priority="50" dest="emlInput" interface="" source="IDII_simulationFilter2.emlInput" />
    <connection connection_priority="50" dest="flexrayInput" interface="" source="IDII_simulationFilter2.flexrayInput" />
    <connection connection_priority="50" dest="psdChannel" interface="" source="IDII_simulationFilter2.psdChannel" />
    <connection connection_priority="50" dest="IDII_replayFilter" interface="" source="IDII_simulationFilter2.vehicleSimulation" />
    <connection connection_priority="50" dest="IDII_simulationFilter2" interface="" source="IDII_vehicleModelFilter.vehicleModel" />
    <outport alias="laneInput" />
    <connection connection_priority="50" dest="laneInput" interface="" source="IDII_simulationFilter2.laneInput" />
    <outport alias="vzeInput" />
    <connection connection_priority="50" dest="vzeInput" interface="" source="IDII_simulationFilter2.vzeInput" />
   </graph>
  </configuration>
  <configuration description="" name="harddiskSimulation">
   <graph>
    <filter alias="Signal_View" idref="adtf.ui.signal_view" priority="1">
     <settings>
      <property name="active" type="Bool" value="true" />
     </settings>
    </filter>
    <subgraph alias="harddiskPlayer" idref="harddiskPlayer" priority="1" />
    <subgraph alias="container" idref="container" priority="1" />
    <connection connection_priority="50" dest="container.emlInput" interface="" source="harddiskPlayer.emlInput" />
    <connection connection_priority="50" dest="container.obfInput" interface="" source="harddiskPlayer.obfInput" />
    <connection connection_priority="50" dest="container.lapInput" interface="" source="harddiskPlayer.lapInput" />
    <connection connection_priority="50" dest="container.vzeInput" interface="" source="harddiskPlayer.vzeInput" />
    <connection connection_priority="50" dest="container.strategyTrigger" interface="" source="harddiskPlayer.DePemPlanning" />
    <subgraph alias="pid2lDisplayFilters" idref="pid2lDisplayFilters" priority="0" />
    <connection connection_priority="50" dest="pid2lDisplayFilters.controlHeap" interface="" source="container.controlHeap" />
    <connection connection_priority="50" dest="pid2lDisplayFilters.controlStack" interface="" source="container.controlStack" />
    <connection connection_priority="50" dest="pid2lDisplayFilters.pemControl" interface="" source="container.pemControl" />
    <connection connection_priority="50" dest="pid2lDisplayFilters.strategyStack" interface="" source="container.strategyStack" />
    <connection connection_priority="50" dest="pid2lDisplayFilters.strategyHeap" interface="" source="container.strategyHeap" />
    <connection connection_priority="50" dest="pid2lDisplayFilters.pemPlanning" interface="" source="container.pemPlanning" />
    <filter alias="IDII_vehicleModelFilter" idref="IDII.vehicleModelFilter" priority="1">
     <settings>
      <property name="active" type="Bool" value="true" />
      <property name="dataFile" type="String" value="C:/Data/TFS/992/release/D289/data/vehicleModels/992_Basis_B6T_272_PIDB.ibf" />
     </settings>
    </filter>
    <connection connection_priority="50" dest="container.vehicleModel" interface="" source="IDII_vehicleModelFilter.vehicleModel" />
    <subgraph active="false" alias="pifDisplayFilters" idref="pifDisplayFilters" priority="2" />
    <connection active="false" connection_priority="50" dest="pifDisplayFilters.controlHeap" interface="" source="container.controlHeap" />
    <connection active="false" connection_priority="50" dest="pifDisplayFilters.flexrayOutput" interface="" source="container.flexrayOutput" />
    <connection active="false" connection_priority="50" dest="pifDisplayFilters.pemControl" interface="" source="container.pemControl" />
    <connection active="false" connection_priority="50" dest="pifDisplayFilters.controlStack" interface="" source="container.controlStack" />
    <connection active="false" connection_priority="50" dest="pifDisplayFilters.vehicleModel" interface="" source="IDII_vehicleModelFilter.vehicleModel" />
    <subgraph alias="videoDisplay" idref="videoDisplay" priority="2" />
    <connection connection_priority="50" dest="videoDisplay.compressedVideo" interface="" source="harddiskPlayer.compressedVideo" />
    <connection connection_priority="50" dest="pid2lDisplayFilters.vehicleModel" interface="" source="IDII_vehicleModelFilter.vehicleModel" />
    <connection connection_priority="50" dest="container.psdInput" interface="" source="harddiskPlayer.psdInput" />
    <connection connection_priority="50" dest="container.laneInput" interface="" source="harddiskPlayer.laneInput" />
    <connection connection_priority="50" dest="container.flexrayInput" interface="" source="harddiskPlayer.flexrayInput" />
    <connection connection_priority="50" dest="pid2lDisplayFilters.psdInput" interface="" source="harddiskPlayer.psdInput" />
    <connection connection_priority="50" dest="container.controlTrigger" interface="" source="harddiskPlayer.psdInput" />
   </graph>
  </configuration>
  <configuration description="" name="harddiskPlayer">
   <graph>
    <filter alias="Harddisk_Player" idref="adtf.stg.harddisk_player" priority="1">
     <settings>
      <property name="filename" type="String" value="C:/Users/X124568/Innodrive2/300_Arbeit/ADTF/Messdaten/992/PT1064/[2018-05-07] Granada - Barcelona/P333675_20180507_085853/vehicleData_split_000.dat;C:/Users/X124568/Innodrive2/300_Arbeit/ADTF/Messdaten/992/PT1064/[2018-05-07] Granada - Barcelona/P333675_20180507_085853/vehicleData_split_001.dat;C:/Users/X124568/Innodrive2/300_Arbeit/ADTF/Messdaten/992/PT1064/[2018-05-07] Granada - Barcelona/P333675_20180507_085853/vehicleData_split_002.dat;C:/Users/X124568/Innodrive2/300_Arbeit/ADTF/Messdaten/992/PT1064/[2018-05-07] Granada - Barcelona/P333675_20180507_085853/vehicleData_split_003.dat;C:/Users/X124568/Innodrive2/300_Arbeit/ADTF/Messdaten/992/PT1064/[2018-05-07] Granada - Barcelona/P333675_20180507_085853/vehicleData_split_004.dat;C:/Users/X124568/Innodrive2/300_Arbeit/ADTF/Messdaten/992/PT1064/[2018-05-07] Granada - Barcelona/P333675_20180507_085853/vehicleData_split_005.dat;C:/Users/X124568/Innodrive2/300_Arbeit/ADTF/Messdaten/992/PT1064/[2018-05-07] Granada - Barcelona/P333675_20180507_085853/vehicleData_split_006.dat;C:/Users/X124568/Innodrive2/300_Arbeit/ADTF/Messdaten/992/PT1064/[2018-05-07] Granada - Barcelona/P333675_20180507_085853/vehicleData_split_007.dat;C:/Users/X124568/Innodrive2/300_Arbeit/ADTF/Messdaten/992/PT1064/[2018-05-07] Granada - Barcelona/P333675_20180507_085853/vehicleData_split_008.dat;C:/Users/X124568/Innodrive2/300_Arbeit/ADTF/Messdaten/992/PT1064/[2018-05-07] Granada - Barcelona/P333675_20180507_085853/vehicleData_split_009.dat;C:/Users/X124568/Innodrive2/300_Arbeit/ADTF/Messdaten/992/PT1064/[2018-05-07] Granada - Barcelona/P333675_20180507_085853/vehicleData_split_010.dat;C:/Users/X124568/Innodrive2/300_Arbeit/ADTF/Messdaten/992/PT1064/[2018-05-07] Granada - Barcelona/P333675_20180507_085853/vehicleData_split_011.dat;C:/Users/X124568/Innodrive2/300_Arbeit/ADTF/Messdaten/992/PT1064/[2018-05-07] Granada - Barcelona/P333675_20180507_085853/vehicleData_split_012.dat;C:/Users/X124568/Innodrive2/300_Arbeit/ADTF/Messdaten/992/PT1064/[2018-05-07] Granada - Barcelona/P333675_20180507_085853/vehicleData_split_013.dat;C:/Users/X124568/Innodrive2/300_Arbeit/ADTF/Messdaten/992/PT1064/[2018-05-07] Granada - Barcelona/P333675_20180507_085853/vehicleData_split_014.dat;C:/Users/X124568/Innodrive2/300_Arbeit/ADTF/Messdaten/992/PT1064/[2018-05-07] Granada - Barcelona/P333675_20180507_085853/vehicleData_split_015.dat;C:/Users/X124568/Innodrive2/300_Arbeit/ADTF/Messdaten/992/PT1064/[2018-05-07] Granada - Barcelona/P333675_20180507_085853/vehicleData_split_016.dat;C:/Users/X124568/Innodrive2/300_Arbeit/ADTF/Messdaten/992/PT1064/[2018-05-07] Granada - Barcelona/P333675_20180507_085853/vehicleData_split_017.dat;C:/Users/X124568/Innodrive2/300_Arbeit/ADTF/Messdaten/992/PT1064/[2018-05-07] Granada - Barcelona/P333675_20180507_085853/vehicleData_split_018.dat;C:/Users/X124568/Innodrive2/300_Arbeit/ADTF/Messdaten/992/PT1064/[2018-05-07] Granada - Barcelona/P333675_20180507_085853/vehicleData_split_019.dat;C:/Users/X124568/Innodrive2/300_Arbeit/ADTF/Messdaten/992/PT1064/[2018-05-07] Granada - Barcelona/P333675_20180507_085853/zfasData_split_000.dat;C:/Users/X124568/Innodrive2/300_Arbeit/ADTF/Messdaten/992/PT1064/[2018-05-07] Granada - Barcelona/P333675_20180507_085853/zfasData_split_001.dat;C:/Users/X124568/Innodrive2/300_Arbeit/ADTF/Messdaten/992/PT1064/[2018-05-07] Granada - Barcelona/P333675_20180507_085853/zfasData_split_002.dat;C:/Users/X124568/Innodrive2/300_Arbeit/ADTF/Messdaten/992/PT1064/[2018-05-07] Granada - Barcelona/P333675_20180507_085853/zfasData_split_003.dat;C:/Users/X124568/Innodrive2/300_Arbeit/ADTF/Messdaten/992/PT1064/[2018-05-07] Granada - Barcelona/P333675_20180507_085853/zfasData_split_004.dat;C:/Users/X124568/Innodrive2/300_Arbeit/ADTF/Messdaten/992/PT1064/[2018-05-07] Granada - Barcelona/P333675_20180507_085853/zfasData_split_005.dat;C:/Users/X124568/Innodrive2/300_Arbeit/ADTF/Messdaten/992/PT1064/[2018-05-07] Granada - Barcelona/P333675_20180507_085853/zfasData_split_006.dat;C:/Users/X124568/Innodrive2/300_Arbeit/ADTF/Messdaten/992/PT1064/[2018-05-07] Granada - Barcelona/P333675_20180507_085853/zfasData_split_007.dat;C:/Users/X124568/Innodrive2/300_Arbeit/ADTF/Messdaten/992/PT1064/[2018-05-07] Granada - Barcelona/P333675_20180507_085853/zfasData_split_008.dat" />
     </settings>
    </filter>
    <filter alias="IDII_zfasConverterFilter" idref="IDII.zfasConverterFilter" priority="2">
     <settings>
      <property name="active" type="Bool" value="true" />
      <property name="provideSignals::out::emlInput" type="Bool" value="true" />
      <property name="provideSignals::out::flexrayInput" type="Bool" value="true" />
      <property name="provideSignals::out::laneInput" type="Bool" value="true" />
      <property name="provideSignals::out::lapInput" type="Bool" value="true" />
      <property name="provideSignals::out::obfInput" type="Bool" value="true" />
      <property name="provideSignals::out::pemControl" type="Bool" value="true" />
      <property name="provideSignals::out::pemPlanning" type="Bool" value="true" />
      <property name="provideSignals::out::vzeInput" type="Bool" value="true" />
     </settings>
    </filter>
    <outport alias="emlInput" />
    <outport alias="obfInput" />
    <outport alias="pemControl" />
    <outport alias="pemPlanning" />
    <outport alias="vzeInput" />
    <outport alias="flexray" />
    <outport alias="lapInput" />
    <connection connection_priority="50" dest="emlInput" interface="" source="IDII_zfasConverterFilter.emlInput" />
    <connection connection_priority="50" dest="lapInput" interface="" source="IDII_zfasConverterFilter.lapInput" />
    <connection connection_priority="50" dest="obfInput" interface="" source="IDII_zfasConverterFilter.obfInput" />
    <connection connection_priority="50" dest="pemControl" interface="" source="IDII_zfasConverterFilter.pemControl" />
    <connection connection_priority="50" dest="pemPlanning" interface="" source="IDII_zfasConverterFilter.pemPlanning" />
    <connection connection_priority="50" dest="vzeInput" interface="" source="IDII_zfasConverterFilter.vzeInput" />
    <outport alias="DePemControl" />
    <outport alias="DePemPlanning" />
    <outport alias="compressedVideo" />
    <connection connection_priority="50" dest="IDII_zfasConverterFilter.DeFRInnoDriveIn" interface="" source="Harddisk_Player.PpFRInnoDriveIn__DeFRInnoDriveIn" />
    <connection connection_priority="50" dest="IDII_zfasConverterFilter.DeEML" interface="" source="Harddisk_Player.PpEML__DeEML" />
    <connection connection_priority="50" dest="IDII_zfasConverterFilter.DeFRRGOut" interface="" source="Harddisk_Player.PpFRRGout__DeFRRGout" />
    <connection connection_priority="50" dest="IDII_zfasConverterFilter.DePemPlanning" interface="" source="Harddisk_Player.PpPemPlanning__DePemPlanning" />
    <connection connection_priority="50" dest="IDII_zfasConverterFilter.DePemControl" interface="" source="Harddisk_Player.PpPemControl__DePemControl" />
    <connection connection_priority="50" dest="IDII_zfasConverterFilter.DeLanes" interface="" source="Harddisk_Player.PpRGLanes__DeLanes" />
    <connection connection_priority="50" dest="IDII_zfasConverterFilter.DeVZE" interface="" source="Harddisk_Player.PpRGLVZE__DeVZE" />
    <connection connection_priority="50" dest="IDII_zfasConverterFilter.DeOBFLight" interface="" source="Harddisk_Player.PpOBFLightOutObjects__DeObjectListOBFLightOut" />
    <connection connection_priority="50" dest="flexray" interface="" source="Harddisk_Player.flexray_rec1" />
    <connection connection_priority="50" dest="DePemPlanning" interface="" source="Harddisk_Player.PpPemPlanning__DePemPlanning" />
    <connection connection_priority="50" dest="compressedVideo" interface="" source="Harddisk_Player.compressedVideo_rec1" />
    <connection connection_priority="50" dest="DePemControl" interface="" source="Harddisk_Player.PpPemControl__DePemControl" />
    <outport alias="psdInput" />
    <filter alias="IDII_psdInputFilter" idref="IDII.psdInputFilter" priority="3" />
    <connection connection_priority="50" dest="IDII_psdInputFilter.flexray" interface="" source="Harddisk_Player.flexray_rec1" />
    <connection connection_priority="50" dest="psdInput" interface="" source="IDII_psdInputFilter.psdInput" />
    <outport alias="flexrayInput" />
    <outport alias="laneInput" />
    <connection connection_priority="50" dest="flexrayInput" interface="" source="IDII_zfasConverterFilter.flexrayInput" />
    <connection connection_priority="50" dest="laneInput" interface="" source="IDII_zfasConverterFilter.laneInput" />
   </graph>
  </configuration>
  <configuration description="" name="container">
   <graph>
    <filter alias="IDII_strategyFilter" idref="IDII.strategyFilter" priority="3">
     <settings>
      <property name="active" type="Bool" value="true" />
      <property name="Enable pushHeap" type="Bool" value="false" />
     </settings>
    </filter>
    <filter alias="IDII_controlFilter" idref="IDII.controlFilter" priority="1">
     <settings>
      <property name="active" type="Bool" value="true" />
      <property name="Enable pushHeap" type="Bool" value="false" />
      <property name="provideSignals::out::pemControl" type="Bool" value="true" />
      <property name="provideSignals::in::codingInput" type="Bool" value="true" />
      <property name="provideSignals::in::emlInput" type="Bool" value="true" />
      <property name="provideSignals::in::flexrayInput" type="Bool" value="true" />
      <property name="provideSignals::in::laneInput" type="Bool" value="true" />
      <property name="provideSignals::in::lapInput" type="Bool" value="true" />
      <property name="provideSignals::in::obfInput" type="Bool" value="true" />
      <property name="provideSignals::in::pemPlanning" type="Bool" value="true" />
      <property name="provideSignals::in::vehicleModel" type="Bool" value="true" />
      <property name="provideSignals::in::vzeInput" type="Bool" value="true" />
      <property name="provideSignals::out::controlHeap" type="Bool" value="true" />
      <property name="provideSignals::out::controlStack" type="Bool" value="true" />
      <property name="provideSignals::out::flexrayOutput" type="Bool" value="true" />
     </settings>
    </filter>
    <inport alias="emlInput" />
    <inport alias="flexrayInput" />
    <inport alias="laneInput" />
    <inport alias="lapInput" />
    <inport alias="obfInput" />
    <inport alias="vzeInput" />
    <inport alias="strategyTrigger" />
    <outport alias="controlHeap" />
    <outport alias="controlStack" />
    <outport alias="flexrayOutput" />
    <outport alias="pemControl" />
    <outport alias="pemPlanning" />
    <outport alias="strategyHeap" />
    <outport alias="strategyStack" />
    <connection connection_priority="50" dest="IDII_strategyFilter" interface="" source="IDII_controlFilter.pemControl" />
    <connection connection_priority="50" dest="IDII_controlFilter" interface="" source="IDII_strategyFilter.pemPlanning" />
    <connection connection_priority="50" dest="IDII_controlFilter.emlInput" interface="" source="emlInput" />
    <connection connection_priority="50" dest="IDII_controlFilter.flexrayInput" interface="" source="flexrayInput" />
    <connection connection_priority="50" dest="IDII_controlFilter.laneInput" interface="" source="laneInput" />
    <connection connection_priority="50" dest="IDII_controlFilter.lapInput" interface="" source="lapInput" />
    <connection connection_priority="50" dest="IDII_controlFilter.obfInput" interface="" source="obfInput" />
    <connection connection_priority="50" dest="IDII_controlFilter.vzeInput" interface="" source="vzeInput" />
    <connection connection_priority="50" dest="IDII_strategyFilter.trigger" interface="" source="strategyTrigger" />
    <connection connection_priority="50" dest="pemControl" interface="" source="IDII_controlFilter.pemControl" />
    <connection connection_priority="50" dest="flexrayOutput" interface="" source="IDII_controlFilter.flexrayOutput" />
    <connection connection_priority="50" dest="controlStack" interface="" source="IDII_controlFilter.controlStack" />
    <connection connection_priority="50" dest="controlHeap" interface="" source="IDII_controlFilter.controlHeap" />
    <connection connection_priority="50" dest="pemPlanning" interface="" source="IDII_strategyFilter.pemPlanning" />
    <connection connection_priority="50" dest="strategyHeap" interface="" source="IDII_strategyFilter.strategyHeap" />
    <connection connection_priority="50" dest="strategyStack" interface="" source="IDII_strategyFilter.strategyStack" />
    <inport alias="vehicleModel" />
    <connection connection_priority="50" dest="IDII_strategyFilter.vehicleModel" interface="" source="vehicleModel" />
    <connection connection_priority="50" dest="IDII_controlFilter.vehicleModel" interface="" source="vehicleModel" />
    <inport alias="psdInput" />
    <inport alias="controlTrigger" />
    <inport alias="codingInput" />
    <connection connection_priority="50" dest="IDII_controlFilter.controlTrigger" interface="" source="controlTrigger" />
    <connection connection_priority="50" dest="IDII_controlFilter.codingInput" interface="" source="codingInput" />
    <connection connection_priority="50" dest="IDII_controlFilter.psdInput" interface="" source="psdInput" />
    <inport alias="fodInput" />
    <outport alias="fodOutput" />
    <connection connection_priority="50" dest="fodOutput" interface="" source="IDII_controlFilter.fodOutput" />
    <connection connection_priority="50" dest="IDII_controlFilter.fodInput" interface="" source="fodInput" />
   </graph>
  </configuration>
  <configuration description="" name="pid2lDisplayFilters">
   <graph>
    <inport alias="controlHeap" />
    <inport alias="controlStack" />
    <inport alias="strategyHeap" />
    <inport alias="strategyStack" />
    <inport alias="pemControl" />
    <inport alias="flexray" />
    <inport alias="pemPlanning" />
    <inport alias="psdInput" />
    <filter alias="IDII_vehicleDisplayFilter" idref="IDII.vehicleDisplayFilter" priority="1" />
    <connection connection_priority="50" dest="IDII_vehicleDisplayFilter.controlHeap" interface="" source="controlHeap" />
    <connection connection_priority="50" dest="IDII_vehicleDisplayFilter.controlStack" interface="" source="controlStack" />
    <connection connection_priority="50" dest="IDII_vehicleDisplayFilter.psdInput" interface="" source="psdInput" />
    <connection connection_priority="50" dest="IDII_vehicleDisplayFilter.planningStack" interface="" source="strategyStack" />
    <connection connection_priority="50" dest="IDII_vehicleDisplayFilter.planningHeap" interface="" source="strategyHeap" />
    <connection connection_priority="50" dest="IDII_vehicleDisplayFilter.pemPlanning" interface="" source="pemPlanning" />
    <connection connection_priority="50" dest="IDII_vehicleDisplayFilter.pemControl" interface="" source="pemControl" />
    <connection connection_priority="50" dest="IDII_vehicleDisplayFilter.flexrayPSD" interface="" source="flexray" />
    <inport alias="vehicleModel" />
    <connection connection_priority="50" dest="IDII_vehicleDisplayFilter.vehicleModel" interface="" source="vehicleModel" />
   </graph>
  </configuration>
  <configuration description="" name="harddiskReplay">
   <graph>
    <filter alias="Signal_View" idref="adtf.ui.signal_view" priority="1">
     <settings>
      <property name="active" type="Bool" value="true" />
     </settings>
    </filter>
    <subgraph alias="pid2lDisplayFilters" idref="pid2lDisplayFilters" priority="0" />
    <subgraph alias="harddiskPlayer" idref="harddiskPlayer" priority="1" />
    <connection connection_priority="50" dest="pid2lDisplayFilters.pemPlanning" interface="" source="harddiskPlayer.pemPlanning" />
    <connection connection_priority="50" dest="pid2lDisplayFilters.pemControl" interface="" source="harddiskPlayer.pemControl" />
    <subgraph alias="videoDisplay" idref="videoDisplay" priority="3" />
    <connection connection_priority="50" dest="videoDisplay.compressedVideo" interface="" source="harddiskPlayer.compressedVideo" />
    <connection active="false" connection_priority="50" dest="replayRecorder.flexray" interface="" source="harddiskPlayer.flexray" />
    <subgraph active="false" alias="replayRecorder" idref="replayRecorder" priority="4" />
    <connection connection_priority="50" dest="pid2lDisplayFilters.psdInput" interface="" source="harddiskPlayer.psdInput" />
    <connection active="false" connection_priority="50" dest="replayRecorder.pemControl" interface="" source="harddiskPlayer.pemControl" />
    <connection active="false" connection_priority="50" dest="replayRecorder.pemPlanning" interface="" source="harddiskPlayer.pemPlanning" />
   </graph>
  </configuration>
  <configuration description="" name="pifDisplayFilters">
   <graph>
    <filter alias="IDII_driverObserverDisplayFilter" idref="IDII.driverObserverDisplayFilter" priority="1" />
    <filter alias="IDII_driverPredictorDisplayFilter" idref="IDII.driverPredictorDisplayFilter" priority="2" />
    <filter alias="IDII_wassersteinFilter" idref="IDII.wassersteinFilter" priority="3" />
    <inport alias="controlHeap" />
    <inport alias="flexrayOutput" />
    <inport alias="pemControl" />
    <inport alias="controlStack" />
    <inport alias="vehicleModel" />
    <connection connection_priority="50" dest="IDII_driverObserverDisplayFilter.controlHeap" interface="" source="controlHeap" />
    <connection connection_priority="50" dest="IDII_driverPredictorDisplayFilter.controlHeap" interface="" source="controlHeap" />
    <connection connection_priority="50" dest="IDII_driverObserverDisplayFilter.flexrayOutput" interface="" source="flexrayOutput" />
    <connection connection_priority="50" dest="IDII_driverPredictorDisplayFilter.flexrayOutput" interface="" source="flexrayOutput" />
    <connection connection_priority="50" dest="IDII_driverObserverDisplayFilter.pemControl" interface="" source="pemControl" />
    <connection connection_priority="50" dest="IDII_driverPredictorDisplayFilter" interface="" source="IDII_wassersteinFilter.wsDistance" />
    <connection connection_priority="50" dest="IDII_wassersteinFilter.pemControl" interface="" source="pemControl" />
    <connection connection_priority="50" dest="IDII_driverPredictorDisplayFilter.pemControl" interface="" source="pemControl" />
    <connection connection_priority="50" dest="IDII_wassersteinFilter.pemControlStack" interface="" source="controlStack" />
    <connection connection_priority="50" dest="IDII_wassersteinFilter.vehicleModel" interface="" source="vehicleModel" />
    <connection connection_priority="50" dest="IDII_driverPredictorDisplayFilter.vehicleModel" interface="" source="vehicleModel" />
   </graph>
  </configuration>
  <configuration description="" name="videoDisplay">
   <graph>
    <filter alias="Image_Decompressor" idref="adtf.aux.image.decompressor" priority="1" />
    <filter alias="Video_Display" idref="adtf.visual.video_display" priority="2" />
    <inport alias="compressedVideo" />
    <connection connection_priority="50" dest="Video_Display" interface="" source="Image_Decompressor" />
    <connection connection_priority="50" dest="Image_Decompressor.input" interface="" source="compressedVideo" />
   </graph>
  </configuration>
  <configuration description="" name="generateReplay" />
  <configuration description="" name="replayRecorder">
   <graph>
    <inport alias="flexray" />
    <filter alias="IDII_rpl2Recorder" idref="IDII.rpl2Recorder" priority="2" />
    <inport alias="pemControl" />
    <inport alias="pemPlanning" />
    <connection connection_priority="50" dest="IDII_rpl2Recorder.flexray" interface="" source="flexray" />
    <connection connection_priority="50" dest="IDII_rpl2Recorder.pemPlanning" interface="" source="pemPlanning" />
    <connection connection_priority="50" dest="IDII_rpl2Recorder.pemControl" interface="" source="pemControl" />
   </graph>
  </configuration>
  <configuration description="" name="replaySimulation">
   <graph>
    <filter alias="IDII_vehicleModelFilter" idref="IDII.vehicleModelFilter" priority="1">
     <settings>
      <property name="active" type="Bool" value="true" />
      <property name="dataFile" type="String" value="C:/Data/TFS/bugfix/4259_deleteOffset/data/vehicleModels/992_Basis_B6T_272_PIDB.ibf" />
     </settings>
    </filter>
    <subgraph alias="container" idref="container" priority="1" />
    <subgraph alias="pid2lDisplayFilters" idref="pid2lDisplayFilters" priority="0" />
    <subgraph alias="replayPlayer" idref="replayPlayer" priority="0" />
    <connection connection_priority="50" dest="container.vehicleModel" interface="" source="IDII_vehicleModelFilter.vehicleModel" />
    <connection connection_priority="50" dest="pid2lDisplayFilters.pemPlanning" interface="" source="container.pemPlanning" />
    <connection connection_priority="50" dest="pid2lDisplayFilters.pemControl" interface="" source="container.pemControl" />
    <connection connection_priority="50" dest="pid2lDisplayFilters.strategyHeap" interface="" source="container.strategyHeap" />
    <connection connection_priority="50" dest="pid2lDisplayFilters.strategyStack" interface="" source="container.strategyStack" />
    <connection connection_priority="50" dest="pid2lDisplayFilters.controlStack" interface="" source="container.controlStack" />
    <connection connection_priority="50" dest="pid2lDisplayFilters.controlHeap" interface="" source="container.controlHeap" />
    <connection connection_priority="50" dest="replayPlayer.flexrayOutput" interface="" source="container.flexrayOutput" />
    <connection connection_priority="50" dest="replayPlayer.vehicleModel" interface="" source="IDII_vehicleModelFilter.vehicleModel" />
    <connection connection_priority="50" dest="container.codingInput" interface="" source="replayPlayer.codingInput" />
    <connection connection_priority="50" dest="container.controlTrigger" interface="" source="replayPlayer.controlTrigger" />
    <connection connection_priority="50" dest="container.emlInput" interface="" source="replayPlayer.emlInput" />
    <connection connection_priority="50" dest="container.flexrayInput" interface="" source="replayPlayer.flexrayInput" />
    <connection connection_priority="50" dest="container.laneInput" interface="" source="replayPlayer.laneInput" />
    <connection connection_priority="50" dest="container.obfInput" interface="" source="replayPlayer.obfInput" />
    <connection connection_priority="50" dest="container.psdInput" interface="" source="replayPlayer.psdInput" />
    <connection connection_priority="50" dest="container.vzeInput" interface="" source="replayPlayer.vzeInput" />
    <connection connection_priority="50" dest="container.strategyTrigger" interface="" source="replayPlayer.strategyTrigger" />
    <connection connection_priority="50" dest="pid2lDisplayFilters.psdInput" interface="" source="replayPlayer.psdInput" />
    <connection connection_priority="50" dest="pid2lDisplayFilters.vehicleModel" interface="" source="IDII_vehicleModelFilter.vehicleModel" />
    <filter alias="Signal_View" idref="adtf.ui.signal_view" priority="1" />
    <connection connection_priority="50" dest="container.fodInput" interface="" source="replayPlayer.fodInput" />
   </graph>
  </configuration>
  <configuration description="" name="replayPlayer">
   <graph>
    <filter alias="IDII_replayFilter" idref="IDII.replayFilter" priority="1">
     <settings>
      <property name="replayFile" type="String" value="$(WORK_PATH)\replay\Messdaten\992\PT1064\[2017-09-06] EZW - Kraichtal - Sinsheim - Ensingen.rpl2" />
     </settings>
    </filter>
    <filter alias="IDII_simulationFilter" idref="IDII.simulationFilter" priority="2">
     <settings>
      <property name="replayFile" type="String" value="$(WORK_PATH)\replay\Messdaten\992\PT1064\[2017-09-06] EZW - Kraichtal - Sinsheim - Ensingen.rpl2" />
     </settings>
    </filter>
    <filter alias="IDII_schedulerFilter" idref="IDII.schedulerFilter" priority="3">
     <settings>
      <property name="controlCycleTime" type="Float" value="0.02" />
      <property name="strategyCycleTime" type="Float" value="0.04" />
     </settings>
    </filter>
    <inport alias="flexrayOutput" />
    <inport alias="vehicleModel" />
    <outport alias="codingInput" />
    <outport alias="controlTrigger" />
    <outport alias="emlInput" />
    <outport alias="flexrayInput" />
    <outport alias="laneInput" />
    <outport alias="obfInput" />
    <outport alias="psdInput" />
    <outport alias="vzeInput" />
    <outport alias="strategyTrigger" />
    <connection connection_priority="50" dest="IDII_replayFilter" interface="" source="IDII_simulationFilter.vehicleSimulation" />
    <connection connection_priority="50" dest="IDII_simulationFilter" interface="" source="IDII_replayFilter.positionRecord" />
    <connection connection_priority="50" dest="IDII_simulationFilter.flexrayOutput" interface="" source="flexrayOutput" />
    <connection connection_priority="50" dest="IDII_simulationFilter.vehicleModel" interface="" source="vehicleModel" />
    <connection connection_priority="50" dest="controlTrigger" interface="" source="IDII_simulationFilter.controlTrigger" />
    <connection connection_priority="50" dest="codingInput" interface="" source="IDII_simulationFilter.codingInput" />
    <connection connection_priority="50" dest="emlInput" interface="" source="IDII_simulationFilter.emlInput" />
    <connection connection_priority="50" dest="flexrayInput" interface="" source="IDII_simulationFilter.flexrayInput" />
    <connection connection_priority="50" dest="laneInput" interface="" source="IDII_simulationFilter.laneInput" />
    <connection connection_priority="50" dest="obfInput" interface="" source="IDII_simulationFilter.obfInput" />
    <connection connection_priority="50" dest="vzeInput" interface="" source="IDII_simulationFilter.vzeInput" />
    <connection connection_priority="50" dest="strategyTrigger" interface="" source="IDII_schedulerFilter.strategyTrigger" />
    <connection connection_priority="50" dest="IDII_simulationFilter" interface="" source="IDII_replayFilter.psdInput" />
    <connection connection_priority="50" dest="psdInput" interface="" source="IDII_simulationFilter.psdOutput" />
    <connection connection_priority="50" dest="IDII_simulationFilter.trigger" interface="" source="IDII_schedulerFilter.controlTrigger" />
    <outport alias="fodInput" />
    <connection connection_priority="50" dest="fodInput" interface="" source="IDII_simulationFilter.fodInput" />
   </graph>
  </configuration>
 </configurations>
 <fileinfo adtfversion="2.13.3" configversion="1.3" />
 <configuration_settings />
 <adtf_include source="../../system/systemConfig.xml" />
</adtf:project>
