<?xml version="1.0" encoding="iso-8859-1" standalone="no"?>
<adtf:configuration xmlns:adtf="adtf">
 <general_settings>
  <property name="active_configuration" type="String" value="" />
  <property name="bus_adtf_catalog_most25" type="Bool" value="false" />
  <property name="bus_adtf_catalog_most_0" type="String" value="" />
  <property name="bus_adtf_catalog_most_1" type="String" value="" />
  <property name="bus_adtf_catalog_most_2" type="String" value="" />
  <property name="console_log_to_stdout" type="Bool" value="false" />
  <property name="console_logger_outputfile" type="String" value="" />
  <property name="console_logger_outputformat" type="String" value="csv" />
  <property name="DBCFiles4Channel0" type="String" value="" />
  <property name="DBCFiles4Channel1" type="String" value="" />
  <property name="DBCFiles4Channel2" type="String" value="" />
  <property name="DBCFiles4Channel3" type="String" value="" />
  <property name="DBCFiles4Channel4" type="String" value="" />
  <property name="DBCFiles4Channel5" type="String" value="" />
  <property name="DBCFiles4Channel6" type="String" value="" />
  <property name="DBCFiles4Channel7" type="String" value="" />
  <property name="DBCFiles4Channel8" type="String" value="" />
  <property name="DBCFiles4Channel9" type="String" value="" />
  <property name="dbg_default_snapshot_path" type="String" value="$CFGDIR$/snapshots" />
  <property name="dbg_ignore_unavail_objs" type="Bool" value="false" />
  <property name="dx_adapterinfo_timer" type="Int" value="500" />
  <property name="dx_channel_timeout" type="Int" value="300000" />
  <property name="dx_default_local_port" type="Int" value="0" />
  <property name="dx_default_protocol" type="String" value="" />
  <property name="dx_max_message_size" type="Int" value="65000" />
  <property name="eds_autoappend" type="Bool" value="true" />
  <property name="eds_autoclear" type="Bool" value="true" />
  <property name="eds_autoextract" type="Bool" value="true" />
  <property name="eds_compress" type="Bool" value="false" />
  <property name="eds_create_modulelist" type="Bool" value="false" />
  <property name="eds_handle_player_events" type="Bool" value="false" />
  <property name="eds_rootdirectory" type="String" value="$(TEMPDIR)/EDS" />
  <property name="eds_send_extracted_event_during_init" type="Bool" value="false" />
  <property name="enable_messagebus" type="Bool" value="true" />
  <property name="enable_synchronizing" type="Bool" value="false" />
  <property name="flexray_fibex_filename" type="String" value="" />
  <property name="flexray_updatebit_behavior" type="Int" value="0" />
  <property name="flexray_use_legacy_updatebits" type="Bool" value="false" />
  <property name="global_log_level" type="Int" value="5" />
  <property name="LDF4Channel0" type="String" value="" />
  <property name="LDF4Channel1" type="String" value="" />
  <property name="LDF4Channel2" type="String" value="" />
  <property name="LDF4Channel3" type="String" value="" />
  <property name="LDF4Channel4" type="String" value="" />
  <property name="LDF4Channel5" type="String" value="" />
  <property name="LDF4Channel6" type="String" value="" />
  <property name="LDF4Channel7" type="String" value="" />
  <property name="LDF4Channel8" type="String" value="" />
  <property name="LDF4Channel9" type="String" value="" />
  <property name="marker_app_id" type="String" value="ADTF" />
  <property name="marker_type0" type="String" value="Marker #0" />
  <property name="marker_type1" type="String" value="Marker #1" />
  <property name="marker_type2" type="String" value="Marker #2" />
  <property name="marker_type3" type="String" value="Marker #3" />
  <property name="marker_type4" type="String" value="Marker #4" />
  <property name="marker_type5" type="String" value="Marker #5" />
  <property name="marker_type6" type="String" value="Marker #6" />
  <property name="marker_type7" type="String" value="Marker #7" />
  <property name="marker_type8" type="String" value="Marker #8" />
  <property name="marker_type9" type="String" value="Marker #9" />
  <property name="media_description_enable_provide_signals" type="Bool" value="false" />
  <property name="media_description_files" type="String" value="./../description/*.description;./../addons/*/description/*.description;./../src/examples/src/description/*.description" />
  <property name="memory_pool_elements" type="String" value="8192,8192,8192,8192,8192,2048" />
  <property name="memory_pool_mode" type="Int" value="0" />
  <property name="memory_pool_signal_registry_update_rate" type="Int" value="0" />
  <property name="memory_pool_sizes" type="String" value="16,32,128,512,4096,65536" />
  <property name="only_warn_missing_timing_spots" type="Bool" value="false" />
  <property name="pool_adtf_media_sample_size" type="Int" value="-1" />
  <property name="pool_adtf_media_samples_can_ext_size" type="Int" value="0" />
  <property name="pool_adtf_media_samples_can_size" type="Int" value="-1" />
  <property name="pool_adtf_media_samples_candata_size" type="Int" value="-1" />
  <property name="pool_adtf_media_samples_flexray_size" type="Int" value="-1" />
  <property name="pool_adtf_media_samples_lin_size" type="Int" value="-1" />
  <property name="pool_adtf_media_samples_lindata_size" type="Int" value="-1" />
  <property name="pool_adtf_media_samples_most_size" type="Int" value="-1" />
  <property name="pool_check_reference_counting" type="Bool" value="false" />
  <property name="pool_default_size" type="Int" value="64" />
  <property name="pool_signal_registry_update_rate" type="Int" value="0" />
  <property name="pool_trace_sample_log" type="Bool" value="false" />
  <property name="pool_trace_used_samples" type="Bool" value="false" />
  <property name="pool_trace_used_samples_call_stacks" type="Bool" value="false" />
  <property name="profiling_config_file" type="String" value="" />
  <property name="profiling_enabled" type="Bool" value="false" />
  <property name="profiling_log_format" type="String" value="txt" />
  <property name="profiling_log_to_console" type="Bool" value="false" />
  <property name="profiling_log_to_file" type="String" value="" />
  <property name="session_binaryconfig_auto_remove_extract_dirs" type="Bool" value="true" />
  <property name="session_binaryconfig_parent_temp_dir" type="String" value="$(TEMPDIR)" />
  <property name="session_control_channel" type="String" value="" />
  <property name="session_control_timeout" type="Int" value="60000000" />
  <property name="session_distribute_config" type="Bool" value="true" />
  <property name="session_enable_ksignals" type="Bool" value="false" />
  <property name="session_master_channel" type="String" value="" />
  <property name="session_name" type="String" value="IT097812" />
  <property name="session_network_network_url" type="String" value="" />
  <property name="session_network_signals_receive_urls" type="String" value="" />
  <property name="session_network_signals_url" type="String" value="" />
  <property name="session_network_system_url" type="String" value="" />
  <property name="session_time_sync_interval" type="Int" value="5000000" />
  <property name="shutdown_thread_timeout" type="Int" value="-1" />
  <property name="synchronizing_cycletime" type="Int" value="1000000" />
  <property name="synchronizing_timeout" type="Int" value="2500000" />
  <property name="synchronizing_type" type="Int" value="0" />
  <property name="vc_safe_buffer_size" type="Int" value="64" />
  <property name="version_check_active" type="Bool" value="false" />
  <property name="watchdog_alive_enabled" type="Bool" value="false" />
  <property name="watchdog_alive_interval" type="Int" value="5" />
  <property name="watchdog_alive_send_only_positive_status" type="Bool" value="true" />
  <property name="watchdog_alive_url" type="String" value="udp://localhost:7000" />
  <property name="watchdog_report_dir" type="String" value="" />
  <property name="zFAS TTTech::Remote Access::Enable ADTF to ZGT Sync" type="Bool" value="false" />
  <property name="zFAS TTTech::Remote Access::Logging Config" type="Int" value="0" />
  <property name="zFAS TTTech::Remote Access::Logging Level" type="Int" value="0" />
  <property name="zFAS TTTech::Remote Access::Logging Mute Unused SWCs" type="Bool" value="true" />
  <property name="zFAS TTTech::Remote Access::Logging Sink" type="Int" value="0" />
  <property name="zFAS TTTech::Remote Access::Replay/Capture:: Capture File (pcap)" type="String" value="(none)" />
  <property name="zFAS TTTech::Remote Access::Replay/Capture:: Capture Mode" type="Int" value="0" />
  <property name="zFAS TTTech::Remote Access::Replay/Capture:: Replay File (pcap)" type="String" value="(none)" />
  <property name="zFAS TTTech::Remote Access::Replay/Capture:: Replay Mode" type="Int" value="-1" />
  <property name="zFAS TTTech::Remote Access::Replay/Capture:: Replay Time Lead" type="Int" value="0" />
  <property name="zFAS TTTech::Remote Access::Replay/Capture:: Replay Time-out" type="Int" value="0" />
 </general_settings>
 <fileinfo adtfversion="2.13.3" configversion="1.3" />
 <plugins>
  <plugin optional="true" url="$ADTF_PATH$_64\bin\*.plb" />
  <plugin optional="true" url="$ADTF_PATH$_64/addons/*/bin/*.plb" />
  <plugin optional="true" url="$ADTF_PATH$_64/src/examples/bin/*.plb" />
  <plugin optional="true" url="$ADTF_PATH$_64/addons/*/src/examples/bin/*.plb" />
  <plugin optional="true" url="$ADTF_PATH$_64\addons_mit\*\bin\*.plb" />
  <plugin optional="true" url="..\..\bin\Debug64\*.plb" />
  <plugin optional="true" url="..\..\bin\SIL\*.plb" />
 </plugins>
</adtf:configuration>
